run,path,tileSize,resolution,width,height,frames,warmup,threadsPerThreadgroup,maxThreadsPerThreadgroup,threadExecutionWidth,threadgroupMemBytes,occupancyRatioThreadsOverMax,gpuMsAvg,gpuMsP95,gpuMsMax,fpsAvg,fpsMin,cpuEncodeMsAvg,stepsAvg,note,log
1,compute,16,1080p,1920,1080,90,20,256,NA,NA,NA,,27.140,29.000,30.320,36.846,32.982,0.280,0.000,compute step counter unavailable in this harness,BenchmarkResults/desktop-threadgroup-size-2026-07-09/logs/compute16_1080p_run1.log
2,compute,16,1080p,1920,1080,90,20,256,NA,NA,NA,,34.180,37.930,38.550,29.257,25.940,0.350,0.000,compute step counter unavailable in this harness,BenchmarkResults/desktop-threadgroup-size-2026-07-09/logs/compute16_1080p_run2.log
3,compute,16,1080p,1920,1080,90,20,256,NA,NA,NA,,25.740,27.050,27.530,38.850,36.324,0.060,0.000,compute step counter unavailable in this harness,BenchmarkResults/desktop-threadgroup-size-2026-07-09/logs/compute16_1080p_run3.log
1,compute,16,1440p,2560,1440,90,20,256,NA,NA,NA,,46.460,48.120,48.840,21.524,20.475,0.290,0.000,compute step counter unavailable in this harness,BenchmarkResults/desktop-threadgroup-size-2026-07-09/logs/compute16_1440p_run1.log
2,compute,16,1440p,2560,1440,90,20,256,NA,NA,NA,,44.050,45.440,46.800,22.701,21.368,0.080,0.000,compute step counter unavailable in this harness,BenchmarkResults/desktop-threadgroup-size-2026-07-09/logs/compute16_1440p_run2.log
3,compute,16,1440p,2560,1440,90,20,256,NA,NA,NA,,43.570,44.460,59.340,22.952,16.852,0.100,0.000,compute step counter unavailable in this harness,BenchmarkResults/desktop-threadgroup-size-2026-07-09/logs/compute16_1440p_run3.log
1,compute,16,720p,1280,720,90,20,256,NA,NA,NA,,13.170,15.180,16.300,75.930,61.350,0.110,0.000,compute step counter unavailable in this harness,BenchmarkResults/desktop-threadgroup-size-2026-07-09/logs/compute16_720p_run1.log
2,compute,16,720p,1280,720,90,20,256,NA,NA,NA,,12.500,13.930,14.670,80.000,68.166,0.360,0.000,compute step counter unavailable in this harness,BenchmarkResults/desktop-threadgroup-size-2026-07-09/logs/compute16_720p_run2.log
3,compute,16,720p,1280,720,90,20,256,NA,NA,NA,,11.910,13.380,13.600,83.963,73.529,0.040,0.000,compute step counter unavailable in this harness,BenchmarkResults/desktop-threadgroup-size-2026-07-09/logs/compute16_720p_run3.log
1,compute,4,1080p,1920,1080,90,20,16,NA,NA,NA,,60.970,62.870,64.120,16.402,15.596,0.120,0.000,compute step counter unavailable in this harness,BenchmarkResults/desktop-threadgroup-size-2026-07-09/logs/compute4_1080p_run1.log
2,compute,4,1080p,1920,1080,90,20,16,NA,NA,NA,,57.380,59.290,61.830,17.428,16.173,0.260,0.000,compute step counter unavailable in this harness,BenchmarkResults/desktop-threadgroup-size-2026-07-09/logs/compute4_1080p_run2.log
3,compute,4,1080p,1920,1080,90,20,16,NA,NA,NA,,55.340,56.720,57.040,18.070,17.532,0.070,0.000,compute step counter unavailable in this harness,BenchmarkResults/desktop-threadgroup-size-2026-07-09/logs/compute4_1080p_run3.log
1,compute,4,1440p,2560,1440,90,20,16,NA,NA,NA,,98.540,100.610,102.850,10.148,9.723,0.210,0.000,compute step counter unavailable in this harness,BenchmarkResults/desktop-threadgroup-size-2026-07-09/logs/compute4_1440p_run1.log
2,compute,4,1440p,2560,1440,90,20,16,NA,NA,NA,,113.760,140.260,148.920,8.790,6.715,0.280,0.000,compute step counter unavailable in this harness,BenchmarkResults/desktop-threadgroup-size-2026-07-09/logs/compute4_1440p_run2.log
3,compute,4,1440p,2560,1440,90,20,16,NA,NA,NA,,100.300,110.600,116.600,9.970,8.576,0.130,0.000,compute step counter unavailable in this harness,BenchmarkResults/desktop-threadgroup-size-2026-07-09/logs/compute4_1440p_run3.log
1,compute,4,720p,1280,720,90,20,16,NA,NA,NA,,61.930,80.610,96.780,16.147,10.333,0.120,0.000,compute step counter unavailable in this harness,BenchmarkResults/desktop-threadgroup-size-2026-07-09/logs/compute4_720p_run1.log
2,compute,4,720p,1280,720,90,20,16,NA,NA,NA,,26.830,28.480,31.220,37.272,32.031,0.280,0.000,compute step counter unavailable in this harness,BenchmarkResults/desktop-threadgroup-size-2026-07-09/logs/compute4_720p_run2.log
3,compute,4,720p,1280,720,90,20,16,NA,NA,NA,,25.390,26.410,26.700,39.386,37.453,0.060,0.000,compute step counter unavailable in this harness,BenchmarkResults/desktop-threadgroup-size-2026-07-09/logs/compute4_720p_run3.log
1,compute,8,1080p,1920,1080,90,20,64,NA,NA,NA,,28.640,30.870,31.690,34.916,31.556,0.200,0.000,compute step counter unavailable in this harness,BenchmarkResults/desktop-threadgroup-size-2026-07-09/logs/compute8_1080p_run1.log
2,compute,8,1080p,1920,1080,90,20,64,NA,NA,NA,,28.380,30.070,32.330,35.236,30.931,0.260,0.000,compute step counter unavailable in this harness,BenchmarkResults/desktop-threadgroup-size-2026-07-09/logs/compute8_1080p_run2.log
3,compute,8,1080p,1920,1080,90,20,64,NA,NA,NA,,26.930,28.230,28.680,37.133,34.868,0.070,0.000,compute step counter unavailable in this harness,BenchmarkResults/desktop-threadgroup-size-2026-07-09/logs/compute8_1080p_run3.log
1,compute,8,1440p,2560,1440,90,20,64,NA,NA,NA,,48.620,50.570,52.440,20.568,19.069,0.310,0.000,compute step counter unavailable in this harness,BenchmarkResults/desktop-threadgroup-size-2026-07-09/logs/compute8_1440p_run1.log
2,compute,8,1440p,2560,1440,90,20,64,NA,NA,NA,,48.260,50.160,50.580,20.721,19.771,0.130,0.000,compute step counter unavailable in this harness,BenchmarkResults/desktop-threadgroup-size-2026-07-09/logs/compute8_1440p_run2.log
3,compute,8,1440p,2560,1440,90,20,64,NA,NA,NA,,46.640,52.320,55.790,21.441,17.924,0.180,0.000,compute step counter unavailable in this harness,BenchmarkResults/desktop-threadgroup-size-2026-07-09/logs/compute8_1440p_run3.log
1,compute,8,720p,1280,720,90,20,64,NA,NA,NA,,12.540,13.460,14.060,79.745,71.124,0.040,0.000,compute step counter unavailable in this harness,BenchmarkResults/desktop-threadgroup-size-2026-07-09/logs/compute8_720p_run1.log
2,compute,8,720p,1280,720,90,20,64,NA,NA,NA,,13.090,14.780,15.570,76.394,64.226,0.300,0.000,compute step counter unavailable in this harness,BenchmarkResults/desktop-threadgroup-size-2026-07-09/logs/compute8_720p_run2.log
3,compute,8,720p,1280,720,90,20,64,NA,NA,NA,,12.550,13.630,14.790,79.681,67.613,0.050,0.000,compute step counter unavailable in this harness,BenchmarkResults/desktop-threadgroup-size-2026-07-09/logs/compute8_720p_run3.log
1,fragment,NA,1080p,1920,1080,90,20,NA,NA,NA,NA,,28.480,30.900,32.950,35.112,30.349,0.140,28.900,fragment has no threadgroup size,BenchmarkResults/desktop-threadgroup-size-2026-07-09/logs/fragment_1080p_run1.log
2,fragment,NA,1080p,1920,1080,90,20,NA,NA,NA,NA,,27.970,31.460,34.930,35.753,28.629,0.290,28.900,fragment has no threadgroup size,BenchmarkResults/desktop-threadgroup-size-2026-07-09/logs/fragment_1080p_run2.log
3,fragment,NA,1080p,1920,1080,90,20,NA,NA,NA,NA,,26.150,28.310,28.810,38.241,34.710,0.080,28.900,fragment has no threadgroup size,BenchmarkResults/desktop-threadgroup-size-2026-07-09/logs/fragment_1080p_run3.log
1,fragment,NA,1440p,2560,1440,90,20,NA,NA,NA,NA,,45.600,48.450,51.010,21.930,19.604,0.350,28.900,fragment has no threadgroup size,BenchmarkResults/desktop-threadgroup-size-2026-07-09/logs/fragment_1440p_run1.log
2,fragment,NA,1440p,2560,1440,90,20,NA,NA,NA,NA,,49.980,54.020,56.600,20.008,17.668,0.500,28.900,fragment has no threadgroup size,BenchmarkResults/desktop-threadgroup-size-2026-07-09/logs/fragment_1440p_run2.log
3,fragment,NA,1440p,2560,1440,90,20,NA,NA,NA,NA,,42.980,44.750,46.130,23.267,21.678,0.070,28.900,fragment has no threadgroup size,BenchmarkResults/desktop-threadgroup-size-2026-07-09/logs/fragment_1440p_run3.log
1,fragment,NA,720p,1280,720,90,20,NA,NA,NA,NA,,20.860,28.500,34.540,47.939,28.952,0.140,28.900,fragment has no threadgroup size,BenchmarkResults/desktop-threadgroup-size-2026-07-09/logs/fragment_720p_run1.log
2,fragment,NA,720p,1280,720,90,20,NA,NA,NA,NA,,13.500,15.440,16.180,74.074,61.805,0.220,28.900,fragment has no threadgroup size,BenchmarkResults/desktop-threadgroup-size-2026-07-09/logs/fragment_720p_run2.log
3,fragment,NA,720p,1280,720,90,20,NA,NA,NA,NA,,12.500,13.960,14.340,80.000,69.735,0.050,28.900,fragment has no threadgroup size,BenchmarkResults/desktop-threadgroup-size-2026-07-09/logs/fragment_720p_run3.log
